<cc_char file_name="ugc.char.C-1203-1616776786298.xml" scale="1" yscale="1" hxscale="1" hyscale="1" headdx="0" headdy="0">
<color r="ccSkinColor" oc="0xFFE1C4">0xFFCE95</color>
<color r="ccEyeLib">0xFFCE95</color>
<color r="ccEyeIris">0x000000</color>
<color r="ccGlassesFrame">0xBE10B0</color>
<color r="ccGlassesLens">0x737373</color>
<color r="ccMouthLip">0x891258</color>
<color r="ccMustache">0x000000</color>
<color r="ccBeard">0xFFFFFF</color>
<color r="ccEyebrow">0x000000</color>
<color r="ccHairMajor">0x996633</color>
<color r="ccHairMinor">0x640F0F</color>
<color r="ccUpperMain" oc="0x336699">0xF3F01E</color>
<color r="ccUpperMinor" oc="0xE5E5E5">0xF31E1E</color>
<color r="ccLowerMain" oc="0xCCBC9A">0x0B3573</color>
<color r="ccLowerMinor" oc="0xEEEEEE">0xFF0000</color>
<component type="bodyshape" component_id="adam" theme_id="family" x="0" y="0" xscale="1" yscale="1" offset="0" rotation="0"/>
<component type="skeleton" component_id="adam_001" theme_id="family" x="0" y="0" xscale="1" yscale="1" offset="0" rotation="0"/>
<component type="mouth" component_id="201" theme_id="family" x="0" y="0" xscale="1" yscale="1" offset="0" rotation="0"/>
<component type="upper_body" component_id="adam_002" theme_id="family" x="0" y="0" xscale="1" yscale="1" offset="0" rotation="0"/>
<component type="lower_body" component_id="adam_007" theme_id="family" x="0" y="0" xscale="1" yscale="1" offset="0" rotation="0"/>
<component type="faceshape" component_id="033" theme_id="family" x="0" y="0" xscale="1" yscale="1" offset="0" rotation="0"/>
<component type="eye" component_id="009" theme_id="family" x="0" y="0" xscale="0.61" yscale="0.61" offset="0" rotation="0"/>
<component type="nose" component_id="002" theme_id="family" x="0" y="0" xscale="1" yscale="1" offset="0" rotation="0"/>
<component type="eyebrow" component_id="105" theme_id="family" x="0" y="0" xscale="1" yscale="1" offset="0" rotation="0"/>
<component type="ear" component_id="002" theme_id="family" x="-5" y="-1" xscale="1" yscale="1" offset="0" rotation="0"/>
</cc_char>
