<?xml version="1.0" encoding="utf-8"?><cc_char xscale='1' yscale='1' hxscale='1' hyscale='1' headdx='0' headdy='0'><color r="ccSkinColor" oc="0xFFE1C4">0xFFCE95</color><color r="ccEyeLib">0xFFCE95</color><color r="ccEyeIris">0x914419</color><color r="ccGlassesFrame">0x080808</color><color r="ccGlassesLens">0x737373</color><color r="ccMouthLip">0x891258</color><color r="ccMustache">0x000000</color><color r="ccBeard">0x1B52BB</color><color r="ccEyebrow">0xB97B3E</color><color r="ccUpperMain" oc="0x336699">0xF27935</color><color r="ccUpperMinor" oc="0xE5E5E5">0x2A2A2A</color><color r="ccLowerMain" oc="0xCCBC9A">0x914419</color><color r="ccLowerMinor" oc="0xEEEEEE">0x000000</color><color r="ccHairMajor">0x000000</color><color r="ccDecMajor" targetComponent="ID9282">0xF27935</color><color r="ccDecMajor" targetComponent="ID9535">0xF27935</color><color r="ccDecMajor" targetComponent="ID2155">0xF27935</color><color r="ccDecMajor" targetComponent="ID893">0xF27935</color><color r="ccDecMajor" targetComponent="ID2636">0xF27935</color><color r="ccDecMajor" targetComponent="ID3235">0xF27935</color><color r="ccDecMajor" targetComponent="ID8196">0xF27935</color><color r="ccDecMajor" targetComponent="ID9962">0xF27935</color><color r="ccDecMajor" targetComponent="ID8824">0xF27935</color><color r="ccDecMajor" targetComponent="ID5492">0xF27935</color><color r="ccDecMajor" targetComponent="ID2117">0xF27935</color><color r="ccDecMajor" targetComponent="ID2973">0xF27935</color><color r="ccDecMajor" targetComponent="ID6147">0xF27935</color><color r="ccDecMajor" targetComponent="ID208">0xF27935</color><color r="ccDecMajor" targetComponent="ID8712">0xF27935</color><color r="ccDecMajor" targetComponent="ID8645">0xF27935</color><color r="ccDecMajor" targetComponent="ID3307">0xF27935</color><component type="bodyshape" component_id="adam" theme_id="family" x="0" y="0" xscale="1" yscale="1" offset="0" rotation="0"/><component type="skeleton" component_id="adam_001" theme_id="family" x="0" y="0" xscale="1" yscale="1" offset="0" rotation="0"/><component type="faceshape" component_id="002" theme_id="family" x="0" y="0" xscale="1" yscale="1" offset="0" rotation="0"/><component type="mouth" component_id="201" theme_id="family" x="0" y="0" xscale="1" yscale="1" offset="0" rotation="0"/><component type="ear" component_id="010" theme_id="family" x="0" y="0" xscale="1" yscale="1" offset="0" rotation="0"/><component type="eye" component_id="009" theme_id="family" x="0" y="0" xscale="1.09" yscale="1.09" offset="0" rotation="0"/><component type="nose" component_id="002" theme_id="family" x="0" y="0" xscale="1" yscale="1" offset="0" rotation="0"/><component type="eyebrow" component_id="106" theme_id="family" x="0" y="0" xscale="1" yscale="1" offset="0" rotation="0"/><component type="lower_body" component_id="adam_007" theme_id="family" x="0" y="0" xscale="1" yscale="1" offset="0" rotation="0"/><component type="hair" component_id="109" theme_id="family" x="0" y="0" xscale="1" yscale="1" offset="0" rotation="0"/><component id="ID9282" type="facedecoration" component_id="010" theme_id="family" x="-27" y="-46" xscale="1" yscale="1" offset="0" rotation="0"/><component id="ID9535" type="facedecoration" component_id="001" theme_id="family" x="-88" y="51" xscale="6.54" yscale="6.54" offset="0" rotation="0"/><component id="ID2155" type="facedecoration" component_id="001" theme_id="family" x="-36" y="-36" xscale="1" yscale="1" offset="0" rotation="0"/><component id="ID893" type="facedecoration" component_id="001" theme_id="family" x="-36" y="-37" xscale="1" yscale="1" offset="0" rotation="0"/><component id="ID2636" type="facedecoration" component_id="001" theme_id="family" x="-36" y="-40" xscale="1" yscale="1" offset="0" rotation="0"/><component id="ID3235" type="facedecoration" component_id="001" theme_id="family" x="-36" y="-38" xscale="1" yscale="1" offset="0" rotation="0"/><component id="ID8196" type="facedecoration" component_id="001" theme_id="family" x="-38" y="-42" xscale="1" yscale="1" offset="0" rotation="0"/><component id="ID9962" type="facedecoration" component_id="001" theme_id="family" x="-37" y="-43" xscale="1" yscale="1" offset="0" rotation="0"/><component id="ID8824" type="facedecoration" component_id="001" theme_id="family" x="-93" y="64" xscale="7.07" yscale="7.07" offset="0" rotation="0"/><component id="ID5492" type="facedecoration" component_id="001" theme_id="family" x="-62" y="-4" xscale="3.78" yscale="3.78" offset="0" rotation="0"/><component id="ID2117" type="facedecoration" component_id="001" theme_id="family" x="-73" y="19" xscale="4.78" yscale="4.78" offset="0" rotation="0"/><component id="ID2973" type="facedecoration" component_id="001" theme_id="family" x="-32" y="-29" xscale="1.28" yscale="1.28" offset="0" rotation="0"/><component id="ID6147" type="facedecoration" component_id="001" theme_id="family" x="-61" y="3" xscale="3.51" yscale="3.51" offset="0" rotation="0"/><component id="ID208" type="facedecoration" component_id="001" theme_id="family" x="-63" y="8" xscale="4.42" yscale="4.42" offset="0" rotation="0"/><component id="ID8712" type="facedecoration" component_id="001" theme_id="family" x="-48" y="0" xscale="3.1" yscale="3.1" offset="0" rotation="0"/><component id="ID8645" type="facedecoration" component_id="001" theme_id="family" x="-45" y="1" xscale="3.24" yscale="3.24" offset="0" rotation="0"/><component type="upper_body" component_id="adam_002" theme_id="family" x="0" y="0" xscale="1" yscale="1" offset="0" rotation="0"/><component id="ID3307" type="facedecoration" component_id="001" theme_id="family" x="-100" y="84" xscale="8.4" yscale="8.4" offset="0" rotation="0"/></cc_char>