{
	"GET": {
		"/index.html": {
			"headers": {
				"Location": "/html/list.html"
			},
			"statusCode": 302,
			"content": ""
		},
		"/dashboard/videos": {
			"headers": {
				"Location": "/html/list.html"
			},
			"statusCode": 302,
			"content": ""
		},
		"/$": {
			"headers": {
				"Location": "/html/list.html"
			},
			"statusCode": 302,
			"content": ""
		},
		"/videomaker/full/action/tutorial": {
			"headers": {
				"Location": "/pages/html/lvm1.html"
			},
			"statusCode": 302,
			"content": ""
		},
		"/videomaker/full/retro/tutorial": {
			"headers": {
				"Location": "/pages/html/lvm2.html"
			},
			"statusCode": 302,
			"content": ""
		},
		"/videomaker/full/custom/tutorial": {
			"headers": {
				"Location": "/pages/html/lvm.html"
			},
			"statusCode": 302,
			"content": ""
		},
		"/go/character_creator/cc2": {
			"headers": {
				"Location": "/character_creator/new_char?themeId=cc2"
			},
			"statusCode": 302,
			"content": ""
		},
		"/go/character_creator/spacecitizen": {
			"headers": {
				"Location": "/character_creator/new_char?themeId=spacecitizen"
			},
			"statusCode": 302,
			"content": ""
		},
		"/go/character_creator/anime": {
			"headers": {
				"Location": "/character_creator/new_char?themeId=anime"
			},
			"statusCode": 302,
			"content": ""
		},
		"/go/character_creator/chibi": {
			"headers": {
				"Location": "/character_creator/new_char?themeId=chibi"
			},
			"statusCode": 302,
			"content": ""
		},
		"/go/character_creator/ninjaanime": {
			"headers": {
				"Location": "/character_creator/new_char?themeId=ninjaanime"
			},
			"statusCode": 302,
			"content": ""
		},
		"/go/character_creator/botdf": {
			"headers": {
				"Location": "/character_creator/new_char?themeId=botdf"
			},
			"statusCode": 302,
			"content": ""
		},
		"/go/character_creator/business": {
			"headers": {
				"Location": "/character_creator/new_char"
			},
			"statusCode": 302,
			"content": ""
		},
		"/go/character_creator/ninja": {
			"headers": {
				"Location": "/character_creator/new_char?themeId=ninja"
			},
			"statusCode": 302,
			"content": ""
		},
		"/go/character_creator/family": {
			"headers": {
				"Location": "/character_creator/new_char?themeId=family&bs=adam"
			},
			"statusCode": 302,
			"content": ""
		},
		"/crossdomain.xml": {
			"headers": {
				"Content-Type": "text/html; charset=UTF-8"
			},
			"content": "<cross-domain-policy><allow-access-from domain=\"*\"/></cross-domain-policy>"
		},
		"cc.swf": {},
		"go_full.swf": {},
		"favicon.ico": {},
		"char_default.png": {
			"content": "{\"message\":\"REQUEST_HAS_EXPIRED\"}"
		},
		"pages/html/(.*)": {
			"headers": {
				"Content-Type": "text/html; charset=UTF-8"
			}
		},
        "html/(.*)": {
			"headers": {
				"Content-Type": "text/html; charset=UTF-8"
			}
		},
		"pages/css/(.*)": {
			"headers": {
				"Content-Type": "text/css; charset=UTF-8"
			}
		},
		"pages/fonts/(.*)": {
			"headers": {
				"Content-Type": "application/font-woff; charset=UTF-8"
			}
		},
		"pages/img/(.*)(png|PNG)$": {
			"headers": {
				"Content-Type": "image/png"
			}
		},
		"pages/img/(.*)(jpg|JPG|jpeg|JPEG)$": {
			"headers": {
				"Content-Type": "image/jpeg"
			}
		},
		"pages/img/(.*)(svg|SVG)$": {
			"headers": {
				"Content-Type": "image/svg+xml; charset=UTF-8"
			}
		}
	},
	"POST": {
		"/goapi/getUserWatermarks/": {
			"headers": {
				"Content-Type": "text/html; charset=UTF-8"
			},
			"content": "<?xml encoding=\"UTF-8\"?><watermarks><current/><preview/></watermarks>"
		},
		"/goapi/getMovieInfo/": {
			"headers": {
				"Content-Type": "text/html; charset=UTF-8"
			},
			"content": "<?xml encoding=\"UTF-8\"?><watermarks><watermark style=\"g4s\"/></watermarks>"
		}
	},
	"pages": {
		"/videomaker/full": "<iframe style='display:none'name='dummy'></iframe><form style='display:none'id='banner'enctype='target='dummy'onchanged='(this.files[0]!=undefined)&&sub.click()'><input id='fileupload'name='import'type='file'/><input type='submit'value='submit'id='submit'/></form><script>interactiveTutorial={neverDisplay:function(){return true}};function studioLoaded(arg){console.log(arg)}function initPreviewPlayer(xml){confirm('Before proceeding, please make sure all your changes have been saved.')&&window.open('/movie?movieId='+flashvars.presaveId,'MsgWindow','width=1280,height=720,left='+(screen.width/2-640)+',top='+(screen.height/2-360))};function exitStudio(){window.location='/html/list.html'}const fu=document.getElementById('fileupload'),sub=document.getElementById('submit');function showImporter(){fu.click()};</script>",
		"/character_creator/new_char": "<script>function characterSaved(){window.location='/html/list.html'}</script>"
	}
}
